-- MySQL dump 10.13  Distrib 8.4.7, for Linux (aarch64)
--
-- Host: localhost    Database: lab8
-- ------------------------------------------------------
-- Server version	8.4.7

/*!40101 SET @OLD_CHARACTER_SET_CLIENT=@@CHARACTER_SET_CLIENT */;
/*!40101 SET @OLD_CHARACTER_SET_RESULTS=@@CHARACTER_SET_RESULTS */;
/*!40101 SET @OLD_COLLATION_CONNECTION=@@COLLATION_CONNECTION */;
/*!50503 SET NAMES utf8mb4 */;
/*!40103 SET @OLD_TIME_ZONE=@@TIME_ZONE */;
/*!40103 SET TIME_ZONE='+00:00' */;
/*!40014 SET @OLD_UNIQUE_CHECKS=@@UNIQUE_CHECKS, UNIQUE_CHECKS=0 */;
/*!40014 SET @OLD_FOREIGN_KEY_CHECKS=@@FOREIGN_KEY_CHECKS, FOREIGN_KEY_CHECKS=0 */;
/*!40101 SET @OLD_SQL_MODE=@@SQL_MODE, SQL_MODE='NO_AUTO_VALUE_ON_ZERO' */;
/*!40111 SET @OLD_SQL_NOTES=@@SQL_NOTES, SQL_NOTES=0 */;

--
-- Table structure for table `Articles`
--

DROP TABLE IF EXISTS `Articles`;
/*!40101 SET @saved_cs_client     = @@character_set_client */;
/*!50503 SET character_set_client = utf8mb4 */;
CREATE TABLE `Articles` (
  `Id` int NOT NULL AUTO_INCREMENT,
  `Title` varchar(100) CHARACTER SET utf8mb4 COLLATE utf8mb4_0900_ai_ci NOT NULL,
  `Content` longtext CHARACTER SET utf8mb4 COLLATE utf8mb4_0900_ai_ci NOT NULL,
  `Date` datetime(6) NOT NULL,
  `CategoryId` int NOT NULL,
  `UserId` varchar(255) CHARACTER SET utf8mb4 COLLATE utf8mb4_0900_ai_ci DEFAULT NULL,
  PRIMARY KEY (`Id`),
  KEY `IX_Articles_CategoryId` (`CategoryId`),
  KEY `IX_Articles_UserId` (`UserId`),
  CONSTRAINT `FK_Articles_AspNetUsers_UserId` FOREIGN KEY (`UserId`) REFERENCES `AspNetUsers` (`Id`),
  CONSTRAINT `FK_Articles_Categories_CategoryId` FOREIGN KEY (`CategoryId`) REFERENCES `Categories` (`Id`) ON DELETE CASCADE
) ENGINE=InnoDB AUTO_INCREMENT=2 DEFAULT CHARSET=utf8mb4 COLLATE=utf8mb4_0900_ai_ci;
/*!40101 SET character_set_client = @saved_cs_client */;

--
-- Dumping data for table `Articles`
--

LOCK TABLES `Articles` WRITE;
/*!40000 ALTER TABLE `Articles` DISABLE KEYS */;
INSERT INTO `Articles` VALUES (1,'Bicicleta Pegas','Bicicleta retro','2025-11-26 21:58:57.111651',1,NULL);
/*!40000 ALTER TABLE `Articles` ENABLE KEYS */;
UNLOCK TABLES;

--
-- Table structure for table `AspNetRoleClaims`
--

DROP TABLE IF EXISTS `AspNetRoleClaims`;
/*!40101 SET @saved_cs_client     = @@character_set_client */;
/*!50503 SET character_set_client = utf8mb4 */;
CREATE TABLE `AspNetRoleClaims` (
  `Id` int NOT NULL AUTO_INCREMENT,
  `RoleId` varchar(255) CHARACTER SET utf8mb4 COLLATE utf8mb4_0900_ai_ci NOT NULL,
  `ClaimType` longtext CHARACTER SET utf8mb4 COLLATE utf8mb4_0900_ai_ci,
  `ClaimValue` longtext CHARACTER SET utf8mb4 COLLATE utf8mb4_0900_ai_ci,
  PRIMARY KEY (`Id`),
  KEY `IX_AspNetRoleClaims_RoleId` (`RoleId`),
  CONSTRAINT `FK_AspNetRoleClaims_AspNetRoles_RoleId` FOREIGN KEY (`RoleId`) REFERENCES `AspNetRoles` (`Id`) ON DELETE CASCADE
) ENGINE=InnoDB DEFAULT CHARSET=utf8mb4 COLLATE=utf8mb4_0900_ai_ci;
/*!40101 SET character_set_client = @saved_cs_client */;

--
-- Dumping data for table `AspNetRoleClaims`
--

LOCK TABLES `AspNetRoleClaims` WRITE;
/*!40000 ALTER TABLE `AspNetRoleClaims` DISABLE KEYS */;
/*!40000 ALTER TABLE `AspNetRoleClaims` ENABLE KEYS */;
UNLOCK TABLES;

--
-- Table structure for table `AspNetRoles`
--

DROP TABLE IF EXISTS `AspNetRoles`;
/*!40101 SET @saved_cs_client     = @@character_set_client */;
/*!50503 SET character_set_client = utf8mb4 */;
CREATE TABLE `AspNetRoles` (
  `Id` varchar(255) CHARACTER SET utf8mb4 COLLATE utf8mb4_0900_ai_ci NOT NULL,
  `Name` varchar(256) CHARACTER SET utf8mb4 COLLATE utf8mb4_0900_ai_ci DEFAULT NULL,
  `NormalizedName` varchar(256) CHARACTER SET utf8mb4 COLLATE utf8mb4_0900_ai_ci DEFAULT NULL,
  `ConcurrencyStamp` longtext CHARACTER SET utf8mb4 COLLATE utf8mb4_0900_ai_ci,
  PRIMARY KEY (`Id`),
  UNIQUE KEY `RoleNameIndex` (`NormalizedName`)
) ENGINE=InnoDB DEFAULT CHARSET=utf8mb4 COLLATE=utf8mb4_0900_ai_ci;
/*!40101 SET character_set_client = @saved_cs_client */;

--
-- Dumping data for table `AspNetRoles`
--

LOCK TABLES `AspNetRoles` WRITE;
/*!40000 ALTER TABLE `AspNetRoles` DISABLE KEYS */;
INSERT INTO `AspNetRoles` VALUES ('2c5e174e-3b0e-446f-86af-483d56fd7210','Admin','ADMIN',NULL),('2c5e174e-3b0e-446f-86af-483d56fd7211','Editor','EDITOR',NULL),('2c5e174e-3b0e-446f-86af-483d56fd7212','User','USER',NULL);
/*!40000 ALTER TABLE `AspNetRoles` ENABLE KEYS */;
UNLOCK TABLES;

--
-- Table structure for table `AspNetUserClaims`
--

DROP TABLE IF EXISTS `AspNetUserClaims`;
/*!40101 SET @saved_cs_client     = @@character_set_client */;
/*!50503 SET character_set_client = utf8mb4 */;
CREATE TABLE `AspNetUserClaims` (
  `Id` int NOT NULL AUTO_INCREMENT,
  `UserId` varchar(255) CHARACTER SET utf8mb4 COLLATE utf8mb4_0900_ai_ci NOT NULL,
  `ClaimType` longtext CHARACTER SET utf8mb4 COLLATE utf8mb4_0900_ai_ci,
  `ClaimValue` longtext CHARACTER SET utf8mb4 COLLATE utf8mb4_0900_ai_ci,
  PRIMARY KEY (`Id`),
  KEY `IX_AspNetUserClaims_UserId` (`UserId`),
  CONSTRAINT `FK_AspNetUserClaims_AspNetUsers_UserId` FOREIGN KEY (`UserId`) REFERENCES `AspNetUsers` (`Id`) ON DELETE CASCADE
) ENGINE=InnoDB DEFAULT CHARSET=utf8mb4 COLLATE=utf8mb4_0900_ai_ci;
/*!40101 SET character_set_client = @saved_cs_client */;

--
-- Dumping data for table `AspNetUserClaims`
--

LOCK TABLES `AspNetUserClaims` WRITE;
/*!40000 ALTER TABLE `AspNetUserClaims` DISABLE KEYS */;
/*!40000 ALTER TABLE `AspNetUserClaims` ENABLE KEYS */;
UNLOCK TABLES;

--
-- Table structure for table `AspNetUserLogins`
--

DROP TABLE IF EXISTS `AspNetUserLogins`;
/*!40101 SET @saved_cs_client     = @@character_set_client */;
/*!50503 SET character_set_client = utf8mb4 */;
CREATE TABLE `AspNetUserLogins` (
  `LoginProvider` varchar(128) CHARACTER SET utf8mb4 COLLATE utf8mb4_0900_ai_ci NOT NULL,
  `ProviderKey` varchar(128) CHARACTER SET utf8mb4 COLLATE utf8mb4_0900_ai_ci NOT NULL,
  `ProviderDisplayName` longtext CHARACTER SET utf8mb4 COLLATE utf8mb4_0900_ai_ci,
  `UserId` varchar(255) CHARACTER SET utf8mb4 COLLATE utf8mb4_0900_ai_ci NOT NULL,
  PRIMARY KEY (`LoginProvider`,`ProviderKey`),
  KEY `IX_AspNetUserLogins_UserId` (`UserId`),
  CONSTRAINT `FK_AspNetUserLogins_AspNetUsers_UserId` FOREIGN KEY (`UserId`) REFERENCES `AspNetUsers` (`Id`) ON DELETE CASCADE
) ENGINE=InnoDB DEFAULT CHARSET=utf8mb4 COLLATE=utf8mb4_0900_ai_ci;
/*!40101 SET character_set_client = @saved_cs_client */;

--
-- Dumping data for table `AspNetUserLogins`
--

LOCK TABLES `AspNetUserLogins` WRITE;
/*!40000 ALTER TABLE `AspNetUserLogins` DISABLE KEYS */;
/*!40000 ALTER TABLE `AspNetUserLogins` ENABLE KEYS */;
UNLOCK TABLES;

--
-- Table structure for table `AspNetUserRoles`
--

DROP TABLE IF EXISTS `AspNetUserRoles`;
/*!40101 SET @saved_cs_client     = @@character_set_client */;
/*!50503 SET character_set_client = utf8mb4 */;
CREATE TABLE `AspNetUserRoles` (
  `UserId` varchar(255) CHARACTER SET utf8mb4 COLLATE utf8mb4_0900_ai_ci NOT NULL,
  `RoleId` varchar(255) CHARACTER SET utf8mb4 COLLATE utf8mb4_0900_ai_ci NOT NULL,
  PRIMARY KEY (`UserId`,`RoleId`),
  KEY `IX_AspNetUserRoles_RoleId` (`RoleId`),
  CONSTRAINT `FK_AspNetUserRoles_AspNetRoles_RoleId` FOREIGN KEY (`RoleId`) REFERENCES `AspNetRoles` (`Id`) ON DELETE CASCADE,
  CONSTRAINT `FK_AspNetUserRoles_AspNetUsers_UserId` FOREIGN KEY (`UserId`) REFERENCES `AspNetUsers` (`Id`) ON DELETE CASCADE
) ENGINE=InnoDB DEFAULT CHARSET=utf8mb4 COLLATE=utf8mb4_0900_ai_ci;
/*!40101 SET character_set_client = @saved_cs_client */;

--
-- Dumping data for table `AspNetUserRoles`
--

LOCK TABLES `AspNetUserRoles` WRITE;
/*!40000 ALTER TABLE `AspNetUserRoles` DISABLE KEYS */;
INSERT INTO `AspNetUserRoles` VALUES ('8e445865-a24d-4543-a6c6-9443d048cdb0','2c5e174e-3b0e-446f-86af-483d56fd7210'),('8e445865-a24d-4543-a6c6-9443d048cdb1','2c5e174e-3b0e-446f-86af-483d56fd7211'),('5d1be92b-f584-49ec-8519-7ada45547371','2c5e174e-3b0e-446f-86af-483d56fd7212'),('8e445865-a24d-4543-a6c6-9443d048cdb2','2c5e174e-3b0e-446f-86af-483d56fd7212');
/*!40000 ALTER TABLE `AspNetUserRoles` ENABLE KEYS */;
UNLOCK TABLES;

--
-- Table structure for table `AspNetUserTokens`
--

DROP TABLE IF EXISTS `AspNetUserTokens`;
/*!40101 SET @saved_cs_client     = @@character_set_client */;
/*!50503 SET character_set_client = utf8mb4 */;
CREATE TABLE `AspNetUserTokens` (
  `UserId` varchar(255) CHARACTER SET utf8mb4 COLLATE utf8mb4_0900_ai_ci NOT NULL,
  `LoginProvider` varchar(128) CHARACTER SET utf8mb4 COLLATE utf8mb4_0900_ai_ci NOT NULL,
  `Name` varchar(128) CHARACTER SET utf8mb4 COLLATE utf8mb4_0900_ai_ci NOT NULL,
  `Value` longtext CHARACTER SET utf8mb4 COLLATE utf8mb4_0900_ai_ci,
  PRIMARY KEY (`UserId`,`LoginProvider`,`Name`),
  CONSTRAINT `FK_AspNetUserTokens_AspNetUsers_UserId` FOREIGN KEY (`UserId`) REFERENCES `AspNetUsers` (`Id`) ON DELETE CASCADE
) ENGINE=InnoDB DEFAULT CHARSET=utf8mb4 COLLATE=utf8mb4_0900_ai_ci;
/*!40101 SET character_set_client = @saved_cs_client */;

--
-- Dumping data for table `AspNetUserTokens`
--

LOCK TABLES `AspNetUserTokens` WRITE;
/*!40000 ALTER TABLE `AspNetUserTokens` DISABLE KEYS */;
/*!40000 ALTER TABLE `AspNetUserTokens` ENABLE KEYS */;
UNLOCK TABLES;

--
-- Table structure for table `AspNetUsers`
--

DROP TABLE IF EXISTS `AspNetUsers`;
/*!40101 SET @saved_cs_client     = @@character_set_client */;
/*!50503 SET character_set_client = utf8mb4 */;
CREATE TABLE `AspNetUsers` (
  `Id` varchar(255) CHARACTER SET utf8mb4 COLLATE utf8mb4_0900_ai_ci NOT NULL,
  `UserName` varchar(256) CHARACTER SET utf8mb4 COLLATE utf8mb4_0900_ai_ci DEFAULT NULL,
  `NormalizedUserName` varchar(256) CHARACTER SET utf8mb4 COLLATE utf8mb4_0900_ai_ci DEFAULT NULL,
  `Email` varchar(256) CHARACTER SET utf8mb4 COLLATE utf8mb4_0900_ai_ci DEFAULT NULL,
  `NormalizedEmail` varchar(256) CHARACTER SET utf8mb4 COLLATE utf8mb4_0900_ai_ci DEFAULT NULL,
  `EmailConfirmed` tinyint(1) NOT NULL,
  `PasswordHash` longtext CHARACTER SET utf8mb4 COLLATE utf8mb4_0900_ai_ci,
  `SecurityStamp` longtext CHARACTER SET utf8mb4 COLLATE utf8mb4_0900_ai_ci,
  `ConcurrencyStamp` longtext CHARACTER SET utf8mb4 COLLATE utf8mb4_0900_ai_ci,
  `PhoneNumber` longtext CHARACTER SET utf8mb4 COLLATE utf8mb4_0900_ai_ci,
  `PhoneNumberConfirmed` tinyint(1) NOT NULL,
  `TwoFactorEnabled` tinyint(1) NOT NULL,
  `LockoutEnd` datetime(6) DEFAULT NULL,
  `LockoutEnabled` tinyint(1) NOT NULL,
  `AccessFailedCount` int NOT NULL,
  PRIMARY KEY (`Id`),
  UNIQUE KEY `UserNameIndex` (`NormalizedUserName`),
  KEY `EmailIndex` (`NormalizedEmail`)
) ENGINE=InnoDB DEFAULT CHARSET=utf8mb4 COLLATE=utf8mb4_0900_ai_ci;
/*!40101 SET character_set_client = @saved_cs_client */;

--
-- Dumping data for table `AspNetUsers`
--

LOCK TABLES `AspNetUsers` WRITE;
/*!40000 ALTER TABLE `AspNetUsers` DISABLE KEYS */;
INSERT INTO `AspNetUsers` VALUES ('5d1be92b-f584-49ec-8519-7ada45547371','alin@yahoo.com','ALIN@YAHOO.COM','alin@yahoo.com','ALIN@YAHOO.COM',1,'AQAAAAIAAYagAAAAEP3dJRQ/EGx2kt53JQf65YpFispwoLZ1beVHtT4tYoo0tcTRN6PFpA+tQC+qqvssEw==','OQZIBMFZUWA66JSXENSNHEJQJJ3C254N','c68d6f9d-7022-4764-9ca9-f924d8f7f1ec',NULL,0,0,NULL,1,0),('8e445865-a24d-4543-a6c6-9443d048cdb0','admin@test.com','ADMIN@TEST.COM','admin@test.com','ADMIN@TEST.COM',1,'AQAAAAIAAYagAAAAEBc0eI36cZA8IvY3utCrc3fDYMJRWpwnDrT0ZD+ddSR083WhXoNp7e7ryu3Roht6KQ==','b7be0c69-58fa-45d6-8289-0fad554ffc83','de40d774-7dda-453d-99ba-3129c14365f4',NULL,0,0,NULL,0,0),('8e445865-a24d-4543-a6c6-9443d048cdb1','editor@test.com','EDITOR@TEST.COM','editor@test.com','EDITOR@TEST.COM',1,'AQAAAAIAAYagAAAAELVAuV/wG/PFdwan1LwM17d2MZCPHWUKS1nKMo5UH2t1ND+iOGp+T+NGbco/OqHevg==','02a5e32b-eb7a-4689-8270-bb7ef45d9a9c','2da26833-594a-4ffe-9cd2-fe9ad91170d2',NULL,0,0,NULL,0,0),('8e445865-a24d-4543-a6c6-9443d048cdb2','user@test.com','USER@TEST.COM','user@test.com','USER@TEST.COM',1,'AQAAAAIAAYagAAAAEJbJVbITT/AXnXFhTBQ2m2oi8IihsIlsQiirm8jPldFvRQEaSYd1h5MDFB+L3qFltw==','efbb3128-9d86-4073-959c-d0bcd2962b8d','9c9972fb-a5f2-402b-a87c-5f134c25d99a',NULL,0,0,NULL,0,0);
/*!40000 ALTER TABLE `AspNetUsers` ENABLE KEYS */;
UNLOCK TABLES;

--
-- Table structure for table `Categories`
--

DROP TABLE IF EXISTS `Categories`;
/*!40101 SET @saved_cs_client     = @@character_set_client */;
/*!50503 SET character_set_client = utf8mb4 */;
CREATE TABLE `Categories` (
  `Id` int NOT NULL AUTO_INCREMENT,
  `CategoryName` longtext CHARACTER SET utf8mb4 COLLATE utf8mb4_0900_ai_ci NOT NULL,
  PRIMARY KEY (`Id`)
) ENGINE=InnoDB AUTO_INCREMENT=3 DEFAULT CHARSET=utf8mb4 COLLATE=utf8mb4_0900_ai_ci;
/*!40101 SET character_set_client = @saved_cs_client */;

--
-- Dumping data for table `Categories`
--

LOCK TABLES `Categories` WRITE;
/*!40000 ALTER TABLE `Categories` DISABLE KEYS */;
INSERT INTO `Categories` VALUES (1,'Biciclete'),(2,'Trotinete');
/*!40000 ALTER TABLE `Categories` ENABLE KEYS */;
UNLOCK TABLES;

--
-- Table structure for table `Comments`
--

DROP TABLE IF EXISTS `Comments`;
/*!40101 SET @saved_cs_client     = @@character_set_client */;
/*!50503 SET character_set_client = utf8mb4 */;
CREATE TABLE `Comments` (
  `Id` int NOT NULL AUTO_INCREMENT,
  `Content` longtext CHARACTER SET utf8mb4 COLLATE utf8mb4_0900_ai_ci NOT NULL,
  `Date` datetime(6) NOT NULL,
  `ArticleId` int NOT NULL,
  `UserId` varchar(255) CHARACTER SET utf8mb4 COLLATE utf8mb4_0900_ai_ci DEFAULT NULL,
  PRIMARY KEY (`Id`),
  KEY `IX_Comments_ArticleId` (`ArticleId`),
  KEY `IX_Comments_UserId` (`UserId`),
  CONSTRAINT `FK_Comments_Articles_ArticleId` FOREIGN KEY (`ArticleId`) REFERENCES `Articles` (`Id`) ON DELETE CASCADE,
  CONSTRAINT `FK_Comments_AspNetUsers_UserId` FOREIGN KEY (`UserId`) REFERENCES `AspNetUsers` (`Id`)
) ENGINE=InnoDB AUTO_INCREMENT=2 DEFAULT CHARSET=utf8mb4 COLLATE=utf8mb4_0900_ai_ci;
/*!40101 SET character_set_client = @saved_cs_client */;

--
-- Dumping data for table `Comments`
--

LOCK TABLES `Comments` WRITE;
/*!40000 ALTER TABLE `Comments` DISABLE KEYS */;
INSERT INTO `Comments` VALUES (1,'O bicicleta foarte frumoasă, o folosesc cu plăcere','2025-11-26 21:59:33.677720',1,NULL);
/*!40000 ALTER TABLE `Comments` ENABLE KEYS */;
UNLOCK TABLES;

--
-- Table structure for table `__EFMigrationsHistory`
--

DROP TABLE IF EXISTS `__EFMigrationsHistory`;
/*!40101 SET @saved_cs_client     = @@character_set_client */;
/*!50503 SET character_set_client = utf8mb4 */;
CREATE TABLE `__EFMigrationsHistory` (
  `MigrationId` varchar(150) CHARACTER SET utf8mb4 COLLATE utf8mb4_0900_ai_ci NOT NULL,
  `ProductVersion` varchar(32) CHARACTER SET utf8mb4 COLLATE utf8mb4_0900_ai_ci NOT NULL,
  PRIMARY KEY (`MigrationId`)
) ENGINE=InnoDB DEFAULT CHARSET=utf8mb4 COLLATE=utf8mb4_0900_ai_ci;
/*!40101 SET character_set_client = @saved_cs_client */;

--
-- Dumping data for table `__EFMigrationsHistory`
--

LOCK TABLES `__EFMigrationsHistory` WRITE;
/*!40000 ALTER TABLE `__EFMigrationsHistory` DISABLE KEYS */;
INSERT INTO `__EFMigrationsHistory` VALUES ('20251126211518_InitialMySql','9.0.9');
/*!40000 ALTER TABLE `__EFMigrationsHistory` ENABLE KEYS */;
UNLOCK TABLES;
/*!40103 SET TIME_ZONE=@OLD_TIME_ZONE */;

/*!40101 SET SQL_MODE=@OLD_SQL_MODE */;
/*!40014 SET FOREIGN_KEY_CHECKS=@OLD_FOREIGN_KEY_CHECKS */;
/*!40014 SET UNIQUE_CHECKS=@OLD_UNIQUE_CHECKS */;
/*!40101 SET CHARACTER_SET_CLIENT=@OLD_CHARACTER_SET_CLIENT */;
/*!40101 SET CHARACTER_SET_RESULTS=@OLD_CHARACTER_SET_RESULTS */;
/*!40101 SET COLLATION_CONNECTION=@OLD_COLLATION_CONNECTION */;
/*!40111 SET SQL_NOTES=@OLD_SQL_NOTES */;

-- Dump completed on 2025-11-26 22:23:22
